<?xml version="1.0" encoding="utf-8"?>
<!--/224743/1422195/2.50/6/4/Undefined or Miscellaneous/-->
<quadcept_library>
  <setting unit="mil" />
  <textstyle name="Default" height="47.244094488189" strokewidth="7.8740157480315" charwidth="47.244094488189" />
  <textstyle name="Dimension" height="19.6850393700787" strokewidth="0" charwidth="19.6850393700787" />
  <textstyle name="H127W0635TH00762" height="50" strokewidth="3" charwidth="25" />
  <textstyle name="H15W15TH02" height="59.0551181102362" strokewidth="7.8740157480315" charwidth="59.0551181102362" />
  <padstyle name="r305_101.6" surface="True" plated="False" isvia="False" nopaste="False" nomask="True" complex="False" holesize="0">
    <padshape layer="TOP" shape="rectangle" width="40" height="120.07874015748" />
    <padshape layer="TOP_SOLDER_MASK" shape="rectangle" width="47.874015748031" height="127.95275590551" />
    <padshape layer="TOP_SOLDER_PASTE" shape="rectangle" width="40" height="120.07874015748" />
  </padstyle>
  <padstyle name="r1066_838" surface="True" plated="False" isvia="False" nopaste="False" nomask="True" complex="False" holesize="0">
    <padshape layer="TOP" shape="rectangle" width="329.92125984252" height="419.68503937007" />
    <padshape layer="TOP_SOLDER_MASK" shape="rectangle" width="337.79527559055" height="427.5590551181" />
    <padshape layer="TOP_SOLDER_PASTE" shape="rectangle" width="329.92125984252" height="419.68503937007" />
  </padstyle>
  <footprint name="NCP5663DSADJR4G" originx="0" originy="0" pickpointx="0" pickpointy="0">
    <pcbpin number="1" name="1" style="r305_101.6" originx="499.99999999999" originy="-134.01574803149" rotation="90" />
    <pcbpin number="2" name="2" style="r305_101.6" originx="499.99999999999" originy="-67.007874015747" rotation="90" />
    <pcbpin number="3" name="3" style="r305_101.6" originx="499.99999999999" originy="0" rotation="90" />
    <pcbpin number="4" name="4" style="r305_101.6" originx="499.99999999999" originy="67.007874015747" rotation="90" />
    <pcbpin number="5" name="5" style="r305_101.6" originx="499.99999999999" originy="134.01574803149" rotation="90" />
    <pcbpin number="6" name="6" style="r1066_838" originx="94.291338582676" originy="0" rotation="0" />
    <line layer="TOP_ASSEMBLY" originx="0" originy="197.24409448819" endx="367.99212598425" endy="197.24409448819" width="7.8740157480314" />
    <line layer="TOP_ASSEMBLY" originx="367.99212598425" originy="197.24409448819" endx="367.99212598425" endy="-197.24409448819" width="7.8740157480314" />
    <line layer="TOP_ASSEMBLY" originx="367.99212598425" originy="-197.24409448819" endx="0" endy="-197.24409448819" width="7.8740157480314" />
    <line layer="TOP_ASSEMBLY" originx="0" originy="-197.24409448819" endx="0" endy="197.24409448819" width="7.8740157480314" />
    <line layer="TOP_PLACE_BOUND" originx="-110.03937007874" originy="249.21259842519" endx="622.04724409448" endy="249.21259842519" width="3.9370078740157" />
    <line layer="TOP_PLACE_BOUND" originx="622.04724409448" originy="249.21259842519" endx="622.04724409448" endy="-249.21259842519" width="3.9370078740157" />
    <line layer="TOP_PLACE_BOUND" originx="622.04724409448" originy="-249.21259842519" endx="-110.03937007874" endy="-249.21259842519" width="3.9370078740157" />
    <line layer="TOP_PLACE_BOUND" originx="-110.03937007874" originy="-249.21259842519" endx="-110.03937007874" endy="249.21259842519" width="3.9370078740157" />
    <line layer="TOP_SILKSCREEN" originx="300" originy="-197.24409448819" endx="367.99212598425" endy="-197.24409448819" width="3.9370078740157" />
    <line layer="TOP_SILKSCREEN" originx="367.99212598425" originy="-197.24409448819" endx="367.99212598425" endy="197.24409448819" width="3.9370078740157" />
    <line layer="TOP_SILKSCREEN" originx="367.99212598425" originy="197.24409448819" endx="300" endy="197.24409448819" width="3.9370078740157" />
    <line layer="TOP_SILKSCREEN" originx="578.74015748031" originy="-129.92125984252" endx="578.74015748031" endy="-129.92125984252" width="7.8740157480314" />
    <arc layer="TOP_SILKSCREEN" originx="578.74015748031" originy="-133.85826771653" startangle="90.0" sweepangle="-180.0" radius="3.9370078740157" width="7.8740157480314" />
    <line layer="TOP_SILKSCREEN" originx="578.74015748031" originy="-137.79527559055" endx="578.74015748031" endy="-137.79527559055" width="7.8740157480314" />
    <arc layer="TOP_SILKSCREEN" originx="578.74015748031" originy="-133.85826771653" startangle="-90.0" sweepangle="-180.0" radius="3.9370078740157" width="7.8740157480314" />
  </footprint>
  <symbol name="LM2596DSADJG" originx="0" originy="0">
    <line originx="200" originy="100" endx="1300" endy="100" width="0" />
    <line originx="1300" originy="-500" endx="1300" endy="100" width="0" />
    <line originx="1300" originy="-500" endx="200" endy="-500" width="0" />
    <line originx="200" originy="100" endx="200" endy="-500" width="0" />
    <sympin number="1" originx="1300" originy="-400" rotation="0" length="100" width="7.8740157480315" flipped="False">
      <text name="pinname" originx="1270" originy="-400" style="Default" rotation="0" justify="right" flipped="False" hidden="False" data="VIN" />
      <text name="pindes" originx="1360" originy="-380" style="Default" rotation="0" justify="lowerleft" flipped="False" hidden="False" data="1" />
    </sympin>
    <sympin number="2" originx="1300" originy="-300" rotation="0" length="100" width="7.8740157480315" flipped="False">
      <text name="pinname" originx="1270" originy="-300" style="Default" rotation="0" justify="right" flipped="False" hidden="False" data="OUT" />
      <text name="pindes" originx="1360" originy="-280" style="Default" rotation="0" justify="lowerleft" flipped="False" hidden="False" data="2" />
    </sympin>
    <sympin number="3" originx="1300" originy="-200" rotation="0" length="100" width="7.8740157480315" flipped="False">
      <text name="pinname" originx="1270" originy="-200" style="Default" rotation="0" justify="right" flipped="False" hidden="False" data="GND" />
      <text name="pindes" originx="1360" originy="-180" style="Default" rotation="0" justify="lowerleft" flipped="False" hidden="False" data="3" />
    </sympin>
    <sympin number="4" originx="1300" originy="-100" rotation="0" length="100" width="7.8740157480315" flipped="False">
      <text name="pinname" originx="1270" originy="-100" style="Default" rotation="0" justify="right" flipped="False" hidden="False" data="FB" />
      <text name="pindes" originx="1360" originy="-80" style="Default" rotation="0" justify="lowerleft" flipped="False" hidden="False" data="4" />
    </sympin>
    <sympin number="5" originx="1300" originy="0" rotation="0" length="100" width="7.8740157480315" flipped="False">
      <text name="pinname" originx="1270" originy="0" style="Default" rotation="0" justify="right" flipped="False" hidden="False" data="\ON\/OFF" />
      <text name="pindes" originx="1360" originy="20" style="Default" rotation="0" justify="lowerleft" flipped="False" hidden="False" data="5" />
    </sympin>
    <sympin number="6" originx="200" originy="0" rotation="180" length="100" width="7.8740157480315" flipped="False">
      <text name="pinname" originx="230" originy="0" style="Default" rotation="0" justify="left" flipped="False" hidden="False" data="GND_(TAB)" />
      <text name="pindes" originx="140" originy="20" style="Default" rotation="0" justify="lowerright" flipped="False" hidden="False" data="6" />
    </sympin>
  </symbol>
  <component name="LM2596DSADJG" designatorprefix="U" height="0" footprint="NCP5663DSADJR4G">
    <comppin designator="1" sympin="1" pinswap="0" gateswap="0" gate="1" group="1" side="" type="Input" name="VIN" />
    <comppin designator="2" sympin="2" pinswap="0" gateswap="0" gate="1" group="1" side="" type="Output" name="OUT" />
    <comppin designator="3" sympin="3" pinswap="0" gateswap="0" gate="1" group="1" side="" type="Ground" name="GND" />
    <comppin designator="4" sympin="4" pinswap="0" gateswap="0" gate="1" group="1" side="" type="Any" name="FB" />
    <comppin designator="5" sympin="5" pinswap="0" gateswap="0" gate="1" group="1" side="" type="Any" name="|ON|/OFF" />
    <comppin designator="6" sympin="6" pinswap="0" gateswap="0" gate="1" group="1" side="" type="Ground" name="GND_(TAB)" />
    <attached_symbol gate="1" name="LM2596DSADJG" />
    <pinmap designator="1" footprintpin="1" />
    <pinmap designator="2" footprintpin="2" />
    <pinmap designator="3" footprintpin="3" />
    <pinmap designator="4" footprintpin="4" />
    <pinmap designator="5" footprintpin="5" />
    <pinmap designator="6" footprintpin="6" />
    <text name="Datasheet" originx="0" originy="0" style="Default" rotation="0" justify="" flipped="False" hidden="True" data="http://www.onsemi.com/pub/Collateral/936A-02.PDF" />
    <text name="Description" originx="0" originy="0" style="Default" rotation="0" justify="" flipped="False" hidden="True" data="ON SEMICONDUCTOR - LM2596DSADJG - DC/DC CONV, BUCK, 3A, 150KHZ, TO-263-5" />
    <text name="Mouser Part Number" originx="0" originy="0" style="Default" rotation="0" justify="" flipped="False" hidden="True" data="863-LM2596DSADJG" />
    <text name="Mouser Price/Stock" originx="0" originy="0" style="Default" rotation="0" justify="" flipped="False" hidden="True" data="https://www.mouser.co.uk/ProductDetail/onsemi/LM2596DSADJG?qs=atIEnC%2F2K4W1Dy%252BFjrRjIQ%3D%3D" />
    <text name="Manufacturer_Name" originx="0" originy="0" style="Default" rotation="0" justify="" flipped="False" hidden="True" data="onsemi" />
    <text name="Manufacturer_Part_Number" originx="1350" originy="200" style="Default" rotation="0" justify="left" flipped="False" hidden="False" data="LM2596DSADJG" />
  </component>
</quadcept_library>
