<?xml version="1.0" encoding="utf-8"?>
<!--/15846027/1422195/2.50/4/3/Integrated Circuit/-->
<quadcept_library>
  <setting unit="mil" />
  <textstyle name="Default" height="47.244094488189" strokewidth="7.8740157480315" charwidth="47.244094488189" />
  <textstyle name="Dimension" height="19.6850393700787" strokewidth="0" charwidth="19.6850393700787" />
  <textstyle name="H127W0635TH00762" height="50" strokewidth="3" charwidth="25" />
  <textstyle name="H15W15TH02" height="59.0551181102362" strokewidth="7.8740157480315" charwidth="59.0551181102362" />
  <padstyle name="r210_140" surface="True" plated="False" isvia="False" nopaste="False" nomask="True" complex="False" holesize="0">
    <padshape layer="TOP" shape="rectangle" width="55.11811023622" height="82.67716535433" />
    <padshape layer="TOP_SOLDER_MASK" shape="rectangle" width="62.992125984251" height="90.551181102361" />
    <padshape layer="TOP_SOLDER_PASTE" shape="rectangle" width="55.11811023622" height="82.67716535433" />
  </padstyle>
  <footprint name="TS046665BK260SMT" originx="0" originy="0" pickpointx="0" pickpointy="0">
    <pcbpin number="1" name="1" style="r210_140" originx="-179.13385826771" originy="88.582677165353" rotation="90" />
    <pcbpin number="2" name="2" style="r210_140" originx="-179.13385826771" originy="-88.582677165353" rotation="90" />
    <pcbpin number="3" name="3" style="r210_140" originx="179.13385826771" originy="88.582677165353" rotation="90" />
    <pcbpin number="4" name="4" style="r210_140" originx="179.13385826771" originy="-88.582677165353" rotation="90" />
    <line layer="TOP_ASSEMBLY" originx="-118.11023622047" originy="118.11023622047" endx="118.11023622047" endy="118.11023622047" width="3.9370078740157" />
    <line layer="TOP_ASSEMBLY" originx="118.11023622047" originy="118.11023622047" endx="118.11023622047" endy="-118.11023622047" width="3.9370078740157" />
    <line layer="TOP_ASSEMBLY" originx="118.11023622047" originy="-118.11023622047" endx="-118.11023622047" endy="-118.11023622047" width="3.9370078740157" />
    <line layer="TOP_ASSEMBLY" originx="-118.11023622047" originy="-118.11023622047" endx="-118.11023622047" endy="118.11023622047" width="3.9370078740157" />
    <line layer="TOP_PLACE_BOUND" originx="-259.84251968504" originy="157.48031496063" endx="259.84251968504" endy="157.48031496063" width="3.9370078740157" />
    <line layer="TOP_PLACE_BOUND" originx="259.84251968504" originy="157.48031496063" endx="259.84251968504" endy="-157.48031496063" width="3.9370078740157" />
    <line layer="TOP_PLACE_BOUND" originx="259.84251968504" originy="-157.48031496063" endx="-259.84251968504" endy="-157.48031496063" width="3.9370078740157" />
    <line layer="TOP_PLACE_BOUND" originx="-259.84251968504" originy="-157.48031496063" endx="-259.84251968504" endy="157.48031496063" width="3.9370078740157" />
    <line layer="TOP_SILKSCREEN" originx="-118.11023622047" originy="118.11023622047" endx="118.11023622047" endy="118.11023622047" width="7.8740157480314" />
    <line layer="TOP_SILKSCREEN" originx="118.11023622047" originy="118.11023622047" endx="118.11023622047" endy="-118.11023622047" width="7.8740157480314" />
    <line layer="TOP_SILKSCREEN" originx="118.11023622047" originy="-118.11023622047" endx="-118.11023622047" endy="-118.11023622047" width="7.8740157480314" />
    <line layer="TOP_SILKSCREEN" originx="-118.11023622047" originy="-118.11023622047" endx="-118.11023622047" endy="118.11023622047" width="7.8740157480314" />
    <line layer="TOP_SILKSCREEN" originx="-236.22047244094" originy="88.582677165353" endx="-236.22047244094" endy="88.582677165353" width="3.9370078740157" />
    <arc layer="TOP_SILKSCREEN" originx="-238.18897637795" originy="88.582677165353" startangle=".0" sweepangle="180.0" radius="1.9685039370078" width="3.9370078740157" />
    <line layer="TOP_SILKSCREEN" originx="-240.15748031496" originy="88.582677165353" endx="-240.15748031496" endy="88.582677165353" width="3.9370078740157" />
    <arc layer="TOP_SILKSCREEN" originx="-238.18897637795" originy="88.582677165353" startangle="180.0" sweepangle="180.0" radius="1.9685039370078" width="3.9370078740157" />
  </footprint>
  <symbol name="TS04-66-65-BK-260-SMT" originx="0" originy="0">
    <line originx="200" originy="100" endx="1000" endy="100" width="0" />
    <line originx="1000" originy="-200" endx="1000" endy="100" width="0" />
    <line originx="1000" originy="-200" endx="200" endy="-200" width="0" />
    <line originx="200" originy="100" endx="200" endy="-200" width="0" />
    <sympin number="1" originx="200" originy="0" rotation="180" length="100" width="7.8740157480315" flipped="False">
      <text name="pinname" originx="230" originy="0" style="Default" rotation="0" justify="left" flipped="False" hidden="False" data="NO_1" />
      <text name="pindes" originx="140" originy="20" style="Default" rotation="0" justify="lowerright" flipped="False" hidden="False" data="1" />
    </sympin>
    <sympin number="2" originx="200" originy="-100" rotation="180" length="100" width="7.8740157480315" flipped="False">
      <text name="pinname" originx="230" originy="-100" style="Default" rotation="0" justify="left" flipped="False" hidden="False" data="COM_1" />
      <text name="pindes" originx="140" originy="-80" style="Default" rotation="0" justify="lowerright" flipped="False" hidden="False" data="2" />
    </sympin>
    <sympin number="3" originx="1000" originy="0" rotation="0" length="100" width="7.8740157480315" flipped="False">
      <text name="pinname" originx="970" originy="0" style="Default" rotation="0" justify="right" flipped="False" hidden="False" data="NO_2" />
      <text name="pindes" originx="1060" originy="20" style="Default" rotation="0" justify="lowerleft" flipped="False" hidden="False" data="3" />
    </sympin>
    <sympin number="4" originx="1000" originy="-100" rotation="0" length="100" width="7.8740157480315" flipped="False">
      <text name="pinname" originx="970" originy="-100" style="Default" rotation="0" justify="right" flipped="False" hidden="False" data="COM_2" />
      <text name="pindes" originx="1060" originy="-80" style="Default" rotation="0" justify="lowerleft" flipped="False" hidden="False" data="4" />
    </sympin>
  </symbol>
  <component name="TS04-66-65-BK-260-SMT" designatorprefix="IC" height="263.77952755905" footprint="TS046665BK260SMT">
    <comppin designator="1" sympin="1" pinswap="0" gateswap="0" gate="1" group="1" side="" type="Any" name="NO_1" />
    <comppin designator="2" sympin="2" pinswap="0" gateswap="0" gate="1" group="1" side="" type="Any" name="COM_1" />
    <comppin designator="3" sympin="3" pinswap="0" gateswap="0" gate="1" group="1" side="" type="Any" name="NO_2" />
    <comppin designator="4" sympin="4" pinswap="0" gateswap="0" gate="1" group="1" side="" type="Any" name="COM_2" />
    <attached_symbol gate="1" name="TS04-66-65-BK-260-SMT" />
    <pinmap designator="1" footprintpin="1" />
    <pinmap designator="2" footprintpin="2" />
    <pinmap designator="3" footprintpin="3" />
    <pinmap designator="4" footprintpin="4" />
    <text name="Datasheet" originx="0" originy="0" style="Default" rotation="0" justify="" flipped="False" hidden="True" data="https://www.cuidevices.com/product/resource/pdf/ts04.pdf" />
    <text name="Description" originx="0" originy="0" style="Default" rotation="0" justify="" flipped="False" hidden="True" data="Tactile Switches 6 x 6 mm, 6.5 mm Act Height, 260 gf, Black, Surface Mount, SPST," />
    <text name="Mouser Part Number" originx="0" originy="0" style="Default" rotation="0" justify="" flipped="False" hidden="True" data="179-TS046665BK260SMT" />
    <text name="Mouser Price/Stock" originx="0" originy="0" style="Default" rotation="0" justify="" flipped="False" hidden="True" data="https://www.mouser.co.uk/ProductDetail/CUI-Devices/TS04-66-65-BK-260-SMT?qs=A6eO%252BMLsxmTvOTHTIBabhQ%3D%3D" />
    <text name="Manufacturer_Name" originx="0" originy="0" style="Default" rotation="0" justify="" flipped="False" hidden="True" data="Same Sky" />
    <text name="Manufacturer_Part_Number" originx="1050" originy="200" style="Default" rotation="0" justify="left" flipped="False" hidden="False" data="TS04-66-65-BK-260-SMT" />
  </component>
</quadcept_library>
