<?xml version="1.0" encoding="utf-8"?>
<!--/1574406/1422195/2.50/2/3/Inductor/-->
<quadcept_library>
  <setting unit="mil" />
  <textstyle name="Default" height="47.244094488189" strokewidth="7.8740157480315" charwidth="47.244094488189" />
  <textstyle name="Dimension" height="19.6850393700787" strokewidth="0" charwidth="19.6850393700787" />
  <textstyle name="H127W0635TH00762" height="50" strokewidth="3" charwidth="25" />
  <textstyle name="H15W15TH02" height="59.0551181102362" strokewidth="7.8740157480315" charwidth="59.0551181102362" />
  <padstyle name="r635_190" surface="True" plated="False" isvia="False" nopaste="False" nomask="True" complex="False" holesize="0">
    <padshape layer="TOP" shape="rectangle" width="74.803149606298" height="250" />
    <padshape layer="TOP_SOLDER_MASK" shape="rectangle" width="82.67716535433" height="257.87401574803" />
    <padshape layer="TOP_SOLDER_PASTE" shape="rectangle" width="74.803149606298" height="250" />
  </padstyle>
  <footprint name="DO5040H333MLD" originx="0" originy="0" pickpointx="0" pickpointy="0">
    <pcbpin number="1" name="1" style="r635_190" originx="-312.99212598425" originy="0" rotation="0" />
    <pcbpin number="2" name="2" style="r635_190" originx="312.99212598425" originy="0" rotation="0" />
    <line layer="TOP_PLACE_BOUND" originx="-389.76377952755" originy="339.37007874015" endx="389.76377952755" endy="339.37007874015" width="3.9370078740157" />
    <line layer="TOP_PLACE_BOUND" originx="389.76377952755" originy="339.37007874015" endx="389.76377952755" endy="-339.37007874015" width="3.9370078740157" />
    <line layer="TOP_PLACE_BOUND" originx="389.76377952755" originy="-339.37007874015" endx="-389.76377952755" endy="-339.37007874015" width="3.9370078740157" />
    <line layer="TOP_PLACE_BOUND" originx="-389.76377952755" originy="-339.37007874015" endx="-389.76377952755" endy="339.37007874015" width="3.9370078740157" />
    <line layer="TOP_ASSEMBLY" originx="0" originy="-300" endx="-280.51181102362" endy="-150" width="3.9370078740157" />
    <line layer="TOP_ASSEMBLY" originx="-280.51181102362" originy="-150" endx="-280.51181102362" endy="150" width="3.9370078740157" />
    <line layer="TOP_ASSEMBLY" originx="-280.51181102362" originy="150" endx="0" endy="300" width="3.9370078740157" />
    <line layer="TOP_ASSEMBLY" originx="0" originy="300" endx="280.51181102362" endy="150" width="3.9370078740157" />
    <line layer="TOP_ASSEMBLY" originx="280.51181102362" originy="150" endx="280.51181102362" endy="-150" width="3.9370078740157" />
    <line layer="TOP_ASSEMBLY" originx="280.51181102362" originy="-150" endx="0" endy="-300" width="3.9370078740157" />
    <line layer="TOP_SILKSCREEN" originx="0" originy="-300" endx="-280.51181102362" endy="-150" width="7.8740157480314" />
    <line layer="TOP_SILKSCREEN" originx="-280.51181102362" originy="150" endx="0" endy="299.21259842519" width="7.8740157480314" />
    <line layer="TOP_SILKSCREEN" originx="0" originy="299.21259842519" endx="280.51181102362" endy="150" width="7.8740157480314" />
    <line layer="TOP_SILKSCREEN" originx="280.51181102362" originy="-149.6062992126" endx="0" endy="-300" width="7.8740157480314" />
    <line layer="TOP_SILKSCREEN" originx="0" originy="-300" endx="-15.748031496063" endy="-291.33858267716" width="7.8740157480314" />
    <line layer="TOP_SILKSCREEN" originx="-370.07874015748" originy="0" endx="-370.07874015748" endy="0" width="3.9370078740157" />
    <arc layer="TOP_SILKSCREEN" originx="-368.11023622047" originy="0" startangle="180.0" sweepangle="180.0" radius="1.9685039370079" width="3.9370078740157" />
    <line layer="TOP_SILKSCREEN" originx="-366.14173228346" originy="0" endx="-366.14173228346" endy="0" width="3.9370078740157" />
    <arc layer="TOP_SILKSCREEN" originx="-368.11023622047" originy="0" startangle=".0" sweepangle="180.0" radius="1.9685039370079" width="3.9370078740157" />
  </footprint>
  <symbol name="DO5040H-333MLD" originx="0" originy="0">
    <arc originx="250" originy="-2" startangle="177.7" sweepangle="-175.4" radius="50" width="0" />
    <arc originx="350" originy="-2" startangle="177.7" sweepangle="-175.4" radius="50" width="0" />
    <arc originx="450" originy="-2" startangle="177.7" sweepangle="-175.4" radius="50" width="0" />
    <arc originx="550" originy="-2" startangle="177.7" sweepangle="-175.4" radius="50" width="0" />
    <sympin number="1" originx="200" originy="0" rotation="180" length="100" width="7.8740157480315" flipped="False">
      <text name="pinname" originx="0" originy="-10" style="Default" rotation="0" justify="upperleft" flipped="False" hidden="True" data="1" />
      <text name="pindes" originx="0" originy="10" style="Default" rotation="0" justify="lowerleft" flipped="False" hidden="False" data="1" />
    </sympin>
    <sympin number="2" originx="600" originy="0" rotation="0" length="100" width="7.8740157480315" flipped="False">
      <text name="pinname" originx="800" originy="-10" style="Default" rotation="0" justify="upperright" flipped="False" hidden="True" data="2" />
      <text name="pindes" originx="800" originy="10" style="Default" rotation="0" justify="lowerright" flipped="False" hidden="False" data="2" />
    </sympin>
  </symbol>
  <component name="DO5040H-333MLD" designatorprefix="L" height="472.44094488188" footprint="DO5040H333MLD">
    <comppin designator="1" sympin="1" pinswap="0" gateswap="0" gate="1" group="1" side="" type="Any" name="1" />
    <comppin designator="2" sympin="2" pinswap="0" gateswap="0" gate="1" group="1" side="" type="Any" name="2" />
    <attached_symbol gate="1" name="DO5040H-333MLD" />
    <pinmap designator="1" footprintpin="1" />
    <pinmap designator="2" footprintpin="2" />
    <text name="Datasheet" originx="0" originy="0" style="Default" rotation="0" justify="" flipped="False" hidden="True" data="" />
    <text name="Description" originx="0" originy="0" style="Default" rotation="0" justify="" flipped="False" hidden="True" data="Fixed Inductors 33uH Unshld 20% 4.5A 37mOhms" />
    <text name="Mouser Part Number" originx="0" originy="0" style="Default" rotation="0" justify="" flipped="False" hidden="True" data="994-DO5040H-333MLD" />
    <text name="Mouser Price/Stock" originx="0" originy="0" style="Default" rotation="0" justify="" flipped="False" hidden="True" data="https://www.mouser.co.uk/ProductDetail/Coilcraft/DO5040H-333MLD?qs=zCSbvcPd3pbsytyoOXapXA%3D%3D" />
    <text name="Manufacturer_Name" originx="0" originy="0" style="Default" rotation="0" justify="" flipped="False" hidden="True" data="COILCRAFT" />
    <text name="Manufacturer_Part_Number" originx="650" originy="150" style="Default" rotation="0" justify="left" flipped="False" hidden="False" data="DO5040H-333MLD" />
  </component>
</quadcept_library>
